Country Name,MPI
Kosovo,0.8202681923377281
South Sudan,0.7681569827280013
Chad,0.7459531842234493
Somalia,0.7303551176146855
Papua New Guinea,0.7287566993228216
Central African Republic,0.7230220748150871
Niger,0.7208615729037051
Burkina Faso,0.658401121175983
Guinea,0.6569274069463811
Haiti,0.6535461848088195
Guinea-Bissau,0.6484619046997004
Mali,0.6409738743046944
Ethiopia,0.6385792221368886
Afghanistan,0.6337511104448629
Djibouti,0.618835156177775
Sierra Leone,0.6154761151949409
Africa Western and Central,0.6150172713512672
"Congo, Dem. Rep.",0.612033445289843
Heavily indebted poor countries (HIPC),0.6102453850390932
Pre-demographic dividend,0.5965864044307992
Low income,0.5953402514293368
Least developed countries: UN classification,0.5949324692663727
Sub-Saharan Africa,0.5886000156548079
Equatorial Guinea,0.5862135124544138
Sub-Saharan Africa (excluding high income),0.580897236929135
Sub-Saharan Africa (IDA & IBRD countries),0.5808619444564315
Benin,0.5710857807974973
IDA only,0.56994358380647
Mozambique,0.5644246821307096
Africa Eastern and Southern,0.5620195506427076
Liberia,0.5609341078074478
Nigeria,0.5546247747485694
Eritrea,0.554430299687618
Fragile and conflict affected situations,0.5535774860566232
IDA total,0.5530915069085415
Mauritania,0.5356758060074467
"Gambia, The",0.5344650692712365
Malawi,0.5326423657857419
Sudan,0.5308806520652032
Cote d'Ivoire,0.530725367694988
Tanzania,0.5285897833122853
IDA blend,0.5267324109362066
Madagascar,0.5212034194402855
Senegal,0.5194800886884702
Burundi,0.5086775095264503
"Congo, Rep.",0.5069161801209533
Pakistan,0.5059498000203568
Uganda,0.5057982839598317
Togo,0.5032962940494906
"Yemen, Rep.",0.5029750983524228
Solomon Islands,0.49120276109642896
"Korea, Dem. People's Rep.",0.48466793329262925
Angola,0.4750409894881381
Rwanda,0.47072262066078757
Kiribati,0.4636905435689297
Gabon,0.46123061542272314
Zambia,0.4594896554169429
Cameroon,0.45437949413162676
Pacific island small states,0.451422389418181
Ghana,0.4500755869398905
Comoros,0.4494684296027728
Lower middle income,0.43878288054801584
South Asia (IDA & IBRD),0.4298596950499009
South Asia,0.4298596950499009
Lao PDR,0.4288035580735157
Nepal,0.42861199924915044
Timor-Leste,0.42175522483068373
Kenya,0.42116344886217466
Bangladesh,0.4185819889751425
Lesotho,0.4110264054054849
Cambodia,0.40975138783517145
Botswana,0.4091747772990425
Libya,0.404420789526532
Sao Tome and Principe,0.40215797475897197
Zimbabwe,0.3950868586447134
Myanmar,0.3901677356980273
Low & middle income,0.38712691366020874
IDA & IBRD total,0.38098616506702127
"Micronesia, Fed. Sts.",0.37412749251563854
Early-demographic dividend,0.3735852034587701
Bhutan,0.3702115712573893
Vanuatu,0.3685986289121884
India,0.36695524680266545
Guatemala,0.3616047062462102
Namibia,0.3554164253950896
Eswatini,0.3541481973486301
Middle income,0.35007117508966
Honduras,0.3489469773327552
Morocco,0.3457515398953325
World,0.3448056198435744
Iraq,0.34403773223039924
Arab World,0.3394894796518912
Other small states,0.33630519905121653
Mongolia,0.3348812376344411
Nicaragua,0.33406026750261775
Small states,0.32696661546258865
South Africa,0.32275974290070286
Jamaica,0.321389138957451
Indonesia,0.319771239295863
Fiji,0.3119177044328163
Cabo Verde,0.3118559293254341
Philippines,0.3100840713446088
IBRD only,0.309276191902685
East Asia & Pacific (excluding high income),0.3061123206330943
Middle East & North Africa (IDA & IBRD countries),0.30593385124926964
Middle East & North Africa (excluding high income),0.30551055979787844
East Asia & Pacific (IDA & IBRD countries),0.3053658083114611
Syrian Arab Republic,0.3038864399348763
Georgia,0.2996064313756886
North Macedonia,0.29809752081591967
Viet Nam,0.2977181675100893
East Asia & Pacific,0.2972935501481858
St. Lucia,0.29556670280404035
Lebanon,0.2940727090284256
Sri Lanka,0.29396324729268025
China,0.28935743130492114
Peru,0.28807439304701316
Turkmenistan,0.287772319239429
Middle East & North Africa,0.28767207925042715
Marshall Islands,0.2822042595274578
Kyrgyz Republic,0.28144575263259664
El Salvador,0.27873661809626415
Belize,0.2786517218045537
Latin America & Caribbean (excluding high income),0.27710856006430057
Late-demographic dividend,0.2769475196264292
Argentina,0.2739409491277656
Latin America & the Caribbean (IDA & IBRD countries),0.273918833822883
Guyana,0.2734804443721535
Samoa,0.27339171862656564
Tajikistan,0.27309301210106457
Paraguay,0.27170258929589347
Latin America & Caribbean,0.2709819065207666
Croatia,0.27091972012693005
Mexico,0.27024605944427066
"Egypt, Arab Rep.",0.26688312775762085
Grenada,0.2612721415090972
Tunisia,0.2608232492620217
Colombia,0.2594451210431782
Bolivia,0.2583906436124565
Jordan,0.2577027406596062
Malaysia,0.25735329357363945
Tuvalu,0.25592996515420574
Ecuador,0.25469438195232147
St. Vincent and the Grenadines,0.25227231154105895
Liechtenstein,0.24906316085831803
Panama,0.24892027797049834
European Union,0.24682577282130203
Europe & Central Asia (excluding high income),0.24495613765389418
Suriname,0.243833349170408
Upper middle income,0.24329845039209194
"Iran, Islamic Rep.",0.2424870723676713
Euro area,0.2410247720071862
Serbia,0.239751636306791
Slovak Republic,0.23932632360532444
Armenia,0.23914326932425423
Poland,0.23877369494709136
Albania,0.23849566029296232
Ireland,0.23833711566468432
Thailand,0.23794745652073876
Turks and Caicos Islands,0.23725895581466483
Dominican Republic,0.23617300580507916
"Bahamas, The",0.23389316369326993
Maldives,0.23388787930087884
Tonga,0.2332962091161172
Bosnia and Herzegovina,0.23269384556858336
Ukraine,0.2323526886906944
Moldova,0.23217379520602474
Brazil,0.2320805430356708
Algeria,0.23040524729435655
"Venezuela, RB",0.22929467026205513
Costa Rica,0.2287794734614556
Trinidad and Tobago,0.22876902453598327
Europe & Central Asia (IDA & IBRD countries),0.22737217030054263
Bulgaria,0.22736344835996958
Azerbaijan,0.22493089706832045
Post-demographic dividend,0.22490874182686685
Mauritius,0.22469156902363827
Romania,0.22417181550178628
Antigua and Barbuda,0.22382325948602977
Bermuda,0.2217975372538203
Japan,0.22156396635153844
Singapore,0.22132556816452625
Central Europe and the Baltics,0.22085471970526663
Turkiye,0.2208097168226535
Europe & Central Asia,0.21968157158122578
Andorra,0.21929817626175352
Lithuania,0.21877527062625413
Oman,0.2165806220122708
OECD members,0.21627219486204208
Palau,0.21556626889780048
Belarus,0.21451736835997198
Hungary,0.2142909739767606
Montenegro,0.21396379912034463
Caribbean small states,0.2139409540844803
San Marino,0.21325876716019895
Barbados,0.21257889334356347
Czechia,0.21189884637413567
Kazakhstan,0.21116137779095728
Chile,0.21087149369142946
Israel,0.21013804877908562
Dominica,0.20939847368292344
Greece,0.20939340315255578
Seychelles,0.20793805973475374
Slovenia,0.20637292511152827
Russian Federation,0.2033077754200556
Portugal,0.20077257787760577
St. Kitts and Nevis,0.20025223634696165
American Samoa,0.1998120701125078
"Korea, Rep.",0.1989499937755296
Uruguay,0.19845542147634598
Luxembourg,0.1980346877998489
Kuwait,0.19782465336650926
Brunei Darussalam,0.19700878983627676
Saudi Arabia,0.19586992489603303
Finland,0.19504886957302248
Latvia,0.19490405879630732
Cuba,0.19359188655025486
New Zealand,0.19153998391787752
Uzbekistan,0.19089769437407933
Spain,0.18979124492823365
Sweden,0.18946237369770524
Estonia,0.1891175460132261
West Bank and Gaza,0.1890219377907811
Aruba,0.18893870990385067
Bahrain,0.18713301288612788
United Arab Emirates,0.18700814269660104
Australia,0.18546701641601246
Belgium,0.1849907545139334
Iceland,0.18287215926232825
Austria,0.1827890301457008
"Hong Kong SAR, China",0.18095837869348066
High income,0.18019697433162635
Cyprus,0.18007275942491643
Germany,0.17926901229536366
Monaco,0.17911258427099513
United Kingdom,0.17902107348515398
Denmark,0.17840981252015875
Curacao,0.17807228908168332
Switzerland,0.17398294445028803
Nauru,0.17188318277788797
Malta,0.17171595531884495
Norway,0.16933975682197389
Italy,0.16884934037301824
Canada,0.1671665123663733
Guam,0.1609878028017206
New Caledonia,0.16032919418164385
British Virgin Islands,0.16003957804111418
Qatar,0.15967425469507449
France,0.15868842876869085
"Macao SAR, China",0.15255057623304638
Netherlands,0.14430944593645237
North America,0.1316302091284978
Greenland,0.12911231052668531
Puerto Rico,0.12489764524132038
Cayman Islands,0.10899068348645531
United States,0.09822136718770363
Gibraltar,0.09114309754669787
Faroe Islands,0.08911873744158154
Northern Mariana Islands,0.06541515769641475
Sint Maarten (Dutch part),0.041177721568769636
French Polynesia,0.023696804484526168
Virgin Islands (U.S.),0.008768481882679714
St. Martin (French part),0.00728012797444002
Isle of Man,0.006314554375263722
Channel Islands,0.0
